Ref,Pad,X_mm,Y_mm,Net,Role
J1,CLK,8.75,43.0,PS2_CLK,cable
J1,DATA,8.75,33.0,PS2_DATA,cable
J1,+5V,8.75,23.0,PS2_5V_RAW,cable
J1,GND,8.75,13.0,GND,cable
U1,18,43.08,42.0,GND,functional
U1,19,40.54,42.0,CLK_IN_GP14,functional
U1,20,38.0,42.0,CLK_DRIVE_GP15,functional/support
U1,21,38.0,24.22,DATA_DRIVE_GP16,functional/support
U1,22,40.54,24.22,DATA_IN_GP17,functional
U1,23,43.08,24.22,GND,functional
U1,38,81.18,24.22,GND,functional/support
U1,40,86.25999999999999,24.22,VBUS_5V,functional/support
Q1,C,14.0,48.0,PS2_CLK,
Q1,B,14.0,45.46,CLK_BASE,
Q1,E,14.0,42.92,GND,
R1,1,19.0,50.0,PS2_CLK,
R1,2,23.0,50.0,CLK_IN_GP14,
D1,K,27.0,49.0,CLK_IN_GP14,
D1,A,27.0,46.46,GND,
R2,1,19.0,43.0,CLK_BASE,
R2,2,23.0,43.0,CLK_DRIVE_GP15,
Q2,C,14.0,37.0,PS2_DATA,
Q2,B,14.0,34.46,DATA_BASE,
Q2,E,14.0,31.92,GND,
R3,1,19.0,39.0,PS2_DATA,
R3,2,23.0,39.0,DATA_IN_GP17,
D2,K,27.0,38.0,DATA_IN_GP17,
D2,A,27.0,35.46,GND,
R4,1,19.0,32.0,DATA_BASE,
R4,2,23.0,32.0,DATA_DRIVE_GP16,
F1,1,14.0,23.0,PS2_5V_RAW,
F1,2,19.08,23.0,PS2_5V_FUSED,
D3,A,23.0,23.0,PS2_5V_FUSED,
D3,K,30.62,23.0,VBUS_5V,
C1,1,34.0,19.0,VBUS_5V,
C1,2,36.54,19.0,GND,
C2,1,41.0,18.5,VBUS_5V,
C2,2,43.54,18.5,GND,
F2,1,66.0,10.0,AUX_5V_RAW,
F2,2,71.08,10.0,AUX_5V_FUSED,
D4,A,75.0,10.0,AUX_5V_FUSED,
D4,K,82.62,10.0,VBUS_5V,
J2,1,53.65,6.50,GND,USB-C AUX power pin (tested with Mauser 011-4653)
J2,2,56.19,6.50,AUX_5V_RAW,USB-C AUX power pin (tested with Mauser 011-4653)
