Ref;Cantidad;Componente;Especificación / valor;Referencia usada;Notas
U1;1;Raspberry Pi Pico;RP2040;Mauser 096-9421;Firmware ps2pico.uf2 original
Q1,Q2;2;Transistor;BC547C TO-92;Mauser 002-0243;Respetar C-B-E de la PCB
D1,D2;2;Diodo Zener;3,6 V 0,5 W;Mauser 007-0005;Banda hacia la barra de serigrafía
R1,R3;2;Resistencia;10 kΩ 0,25 W;Mauser 104-6020;Sin polaridad
R2,R4;2;Resistencia;2,2 kΩ;Mauser 104-7040;Sin polaridad
F1,F2;2;PPTC rearmable;RXEF040 0,40 A hold / 0,80 A trip;Mauser 095-6016;"La serigrafía indica 0.5A; la unidad probada usa RXEF040"
D3,D4;2;Diodo Schottky;1N5817 20 V / 1 A;Mauser 007-0384;Banda hacia VBUS / barra de serigrafía
C1;1;Condensador cerámico;100 nF 50 V;Mauser 004-5086;Sin polaridad
C2;1;Condensador electrolítico;100 µF 16 V;Mauser 004-0268;"+ y - según serigrafía; la banda del cuerpo marca negativo"
J2;1;Breakout USB-C;Mauser placa adaptadora USB Type-C;Mauser 011-4653;Carrier usa sólo GND y VBUS
Headers;1 kit;Pines macho 2,54 mm;Cortar secciones necesarias;Mauser 096-9615;Pico: 18,19,20,21,22,23,38,40
Cable PS/2;1;Mini-DIN 6 macho;Cable moldeado, cortar un extremo;Genérico;Identificar hilos por continuidad
OTG;1;Adaptador USB OTG;USB-A hembra -> micro-USB B macho;Genérico;Para conectar el teclado USB a la Pico
